education_record_id,resident_id,record_date,education_level,school_name,enrollment_status,attendance_rate,progress_percent,completion_status,notes,record_year,record_month,record_quarter,note_progress_tag
1,1,2023-10-01,Vocational,School 8,Enrolled,0.966,37.7,NotStarted,Progress: NotStarted,2023,10,4,NotStarted
2,1,2023-11-01,Secondary,School 20,Enrolled,0.693,33.0,InProgress,Progress: InProgress,2023,11,4,InProgress
3,1,2023-12-01,Vocational,School 18,Enrolled,0.744,54.0,InProgress,Progress: InProgress,2023,12,4,InProgress
4,1,2024-01-01,Primary,School 2,Enrolled,0.681,51.2,InProgress,Progress: InProgress,2024,1,1,InProgress
5,1,2024-02-01,Vocational,School 3,Enrolled,0.721,44.2,InProgress,Progress: InProgress,2024,2,1,InProgress
6,1,2024-03-01,Primary,School 2,Enrolled,0.493,52.8,InProgress,Progress: InProgress,2024,3,1,InProgress
7,2,2023-03-01,Secondary,School 4,Enrolled,0.626,66.8,NotStarted,Progress: NotStarted,2023,3,1,NotStarted
8,2,2023-04-01,Secondary,School 12,Enrolled,0.758,73.7,InProgress,Progress: InProgress,2023,4,2,InProgress
9,2,2023-05-01,Primary,School 6,Enrolled,0.923,83.2,InProgress,Progress: InProgress,2023,5,2,InProgress
10,2,2023-06-01,Secondary,School 15,Enrolled,0.872,72.9,InProgress,Progress: InProgress,2023,6,2,InProgress
11,2,2023-07-01,Secondary,School 7,Enrolled,0.82,66.0,InProgress,Progress: InProgress,2023,7,3,InProgress
12,2,2023-08-01,CollegePrep,School 10,Enrolled,0.831,89.7,InProgress,Progress: InProgress,2023,8,3,InProgress
13,2,2023-09-01,Primary,School 14,Enrolled,1.0,100.0,InProgress,Progress: InProgress,2023,9,3,InProgress
14,2,2023-10-01,Vocational,School 8,Enrolled,0.894,100.0,InProgress,Progress: InProgress,2023,10,4,InProgress
15,2,2023-11-01,Secondary,School 10,Enrolled,0.768,100.0,InProgress,Progress: InProgress,2023,11,4,InProgress
16,2,2023-12-01,Secondary,School 11,Enrolled,0.851,100.0,InProgress,Progress: InProgress,2023,12,4,InProgress
17,3,2024-05-01,Primary,School 15,Enrolled,0.706,41.6,NotStarted,Progress: NotStarted,2024,5,2,NotStarted
18,3,2024-06-01,Vocational,School 18,Enrolled,0.658,48.6,InProgress,Progress: InProgress,2024,6,2,InProgress
19,3,2024-07-01,Secondary,School 12,Enrolled,0.468,50.5,InProgress,Progress: InProgress,2024,7,3,InProgress
20,3,2024-08-01,Secondary,School 8,Enrolled,0.672,64.5,InProgress,Progress: InProgress,2024,8,3,InProgress
21,3,2024-09-01,Vocational,School 13,Enrolled,0.771,70.3,InProgress,Progress: InProgress,2024,9,3,InProgress
22,3,2024-10-01,Secondary,School 5,Enrolled,0.682,63.4,InProgress,Progress: InProgress,2024,10,4,InProgress
23,3,2024-11-01,Primary,School 6,Enrolled,0.81,77.3,InProgress,Progress: InProgress,2024,11,4,InProgress
24,3,2024-12-01,Secondary,School 5,Enrolled,0.731,71.2,InProgress,Progress: InProgress,2024,12,4,InProgress
25,3,2025-01-01,Vocational,School 19,Enrolled,0.859,100.0,InProgress,Progress: InProgress,2025,1,1,InProgress
26,3,2025-02-01,Secondary,School 9,Enrolled,0.894,100.0,Completed,Progress: Completed,2025,2,1,Completed
27,3,2025-03-01,Secondary,School 17,Enrolled,0.868,100.0,InProgress,Progress: InProgress,2025,3,1,InProgress
28,4,2024-09-01,Secondary,School 1,Enrolled,0.696,69.8,NotStarted,Progress: NotStarted,2024,9,3,NotStarted
29,4,2024-10-01,CollegePrep,School 7,Enrolled,0.528,80.8,InProgress,Progress: InProgress,2024,10,4,InProgress
30,4,2024-11-01,Primary,School 19,Enrolled,0.899,100.0,InProgress,Progress: InProgress,2024,11,4,InProgress
31,4,2024-12-01,Secondary,School 13,Enrolled,0.744,100.0,InProgress,Progress: InProgress,2024,12,4,InProgress
32,4,2025-01-01,Primary,School 9,Enrolled,0.744,100.0,InProgress,Progress: InProgress,2025,1,1,InProgress
33,4,2025-02-01,Primary,School 6,Enrolled,0.881,100.0,InProgress,Progress: InProgress,2025,2,1,InProgress
34,4,2025-03-01,Primary,School 13,Enrolled,0.622,100.0,InProgress,Progress: InProgress,2025,3,1,InProgress
35,4,2025-04-01,Primary,School 10,Enrolled,0.784,100.0,InProgress,Progress: InProgress,2025,4,2,InProgress
36,4,2025-05-01,Secondary,School 9,Enrolled,0.92,95.8,InProgress,Progress: InProgress,2025,5,2,InProgress
37,4,2025-06-01,Secondary,School 2,Enrolled,0.636,99.1,InProgress,Progress: InProgress,2025,6,2,InProgress
38,4,2025-07-01,Secondary,School 11,Enrolled,0.88,100.0,Completed,Progress: Completed,2025,7,3,Completed
39,5,2024-01-01,Secondary,School 16,Enrolled,0.596,28.4,NotStarted,Progress: NotStarted,2024,1,1,NotStarted
40,5,2024-02-01,Vocational,School 12,Enrolled,0.555,49.2,InProgress,Progress: InProgress,2024,2,1,InProgress
41,5,2024-03-01,Vocational,School 18,Enrolled,0.676,63.3,InProgress,Progress: InProgress,2024,3,1,InProgress
42,5,2024-04-01,Secondary,School 18,Enrolled,0.752,69.0,InProgress,Progress: InProgress,2024,4,2,InProgress
43,5,2024-05-01,CollegePrep,School 11,Enrolled,0.561,51.0,InProgress,Progress: InProgress,2024,5,2,InProgress
44,5,2024-06-01,Primary,School 3,Enrolled,0.634,64.4,InProgress,Progress: InProgress,2024,6,2,InProgress
45,5,2024-07-01,Vocational,School 6,Enrolled,0.639,72.1,InProgress,Progress: InProgress,2024,7,3,InProgress
46,5,2024-08-01,Secondary,School 1,Enrolled,0.744,74.3,InProgress,Progress: InProgress,2024,8,3,InProgress
47,5,2024-09-01,Primary,School 9,Enrolled,0.856,80.8,InProgress,Progress: InProgress,2024,9,3,InProgress
48,6,2023-08-01,Primary,School 13,Enrolled,0.648,54.3,NotStarted,Progress: NotStarted,2023,8,3,NotStarted
49,6,2023-09-01,Vocational,School 18,Enrolled,0.712,69.1,InProgress,Progress: InProgress,2023,9,3,InProgress
50,6,2023-10-01,Vocational,School 6,Enrolled,0.654,80.0,InProgress,Progress: InProgress,2023,10,4,InProgress
51,6,2023-11-01,Primary,School 5,Enrolled,0.752,92.1,InProgress,Progress: InProgress,2023,11,4,InProgress
52,6,2023-12-01,Secondary,School 19,Enrolled,0.691,100.0,InProgress,Progress: InProgress,2023,12,4,InProgress
53,6,2024-01-01,CollegePrep,School 10,Enrolled,0.791,100.0,InProgress,Progress: InProgress,2024,1,1,InProgress
54,6,2024-02-01,Vocational,School 7,Enrolled,0.68,100.0,InProgress,Progress: InProgress,2024,2,1,InProgress
55,6,2024-03-01,Vocational,School 11,Enrolled,0.882,100.0,InProgress,Progress: InProgress,2024,3,1,InProgress
56,6,2024-04-01,Vocational,School 10,Enrolled,0.747,99.9,InProgress,Progress: InProgress,2024,4,2,InProgress
57,6,2024-05-01,Primary,School 5,Enrolled,0.744,100.0,Completed,Progress: Completed,2024,5,2,Completed
58,6,2024-06-01,Vocational,School 3,Enrolled,0.764,100.0,InProgress,Progress: InProgress,2024,6,2,InProgress
59,7,2024-06-01,Primary,School 3,Enrolled,0.77,53.9,NotStarted,Progress: NotStarted,2024,6,2,NotStarted
60,7,2024-07-01,Secondary,School 15,Enrolled,0.866,48.9,InProgress,Progress: InProgress,2024,7,3,InProgress
61,7,2024-08-01,Secondary,School 11,Enrolled,0.472,41.3,InProgress,Progress: InProgress,2024,8,3,InProgress
62,7,2024-09-01,Primary,School 14,Enrolled,0.754,55.1,InProgress,Progress: InProgress,2024,9,3,InProgress
63,7,2024-10-01,Vocational,School 16,Enrolled,0.612,76.2,InProgress,Progress: InProgress,2024,10,4,InProgress
64,7,2024-11-01,Primary,School 9,Enrolled,0.6,70.3,InProgress,Progress: InProgress,2024,11,4,InProgress
65,7,2024-12-01,Secondary,School 10,Enrolled,0.639,72.7,InProgress,Progress: InProgress,2024,12,4,InProgress
66,7,2025-01-01,Secondary,School 15,Enrolled,0.565,88.0,Completed,Progress: Completed,2025,1,1,Completed
67,7,2025-02-01,Vocational,School 5,Enrolled,0.881,100.0,Completed,Progress: Completed,2025,2,1,Completed
68,8,2024-02-01,Secondary,School 16,Enrolled,0.807,47.8,NotStarted,Progress: NotStarted,2024,2,1,NotStarted
69,8,2024-03-01,Primary,School 12,Enrolled,0.602,52.9,InProgress,Progress: InProgress,2024,3,1,InProgress
70,8,2024-04-01,CollegePrep,School 20,Enrolled,0.677,59.7,InProgress,Progress: InProgress,2024,4,2,InProgress
71,8,2024-05-01,Secondary,School 11,Enrolled,0.925,70.7,InProgress,Progress: InProgress,2024,5,2,InProgress
72,8,2024-06-01,Primary,School 2,Enrolled,0.707,72.8,InProgress,Progress: InProgress,2024,6,2,InProgress
73,8,2024-07-01,Primary,School 18,Enrolled,0.705,71.3,InProgress,Progress: InProgress,2024,7,3,InProgress
74,9,2025-04-01,Vocational,School 8,Enrolled,0.59,3.2,NotStarted,Progress: NotStarted,2025,4,2,NotStarted
75,9,2025-05-01,Vocational,School 6,Enrolled,0.505,4.0,InProgress,Progress: InProgress,2025,5,2,InProgress
76,9,2025-06-01,Secondary,School 19,Enrolled,0.449,0.0,InProgress,Progress: InProgress,2025,6,2,InProgress
77,9,2025-07-01,Primary,School 3,Enrolled,0.398,4.6,InProgress,Progress: InProgress,2025,7,3,InProgress
78,9,2025-08-01,Vocational,School 6,Enrolled,0.574,37.5,InProgress,Progress: InProgress,2025,8,3,InProgress
79,9,2025-09-01,Secondary,School 10,Enrolled,0.555,13.0,InProgress,Progress: InProgress,2025,9,3,InProgress
80,9,2025-10-01,Primary,School 17,Enrolled,0.556,28.1,InProgress,Progress: InProgress,2025,10,4,InProgress
81,9,2025-11-01,Secondary,School 5,Enrolled,0.526,38.4,InProgress,Progress: InProgress,2025,11,4,InProgress
82,9,2025-12-01,Vocational,School 14,Enrolled,0.62,44.4,InProgress,Progress: InProgress,2025,12,4,InProgress
83,10,2023-10-01,Primary,School 7,Enrolled,0.554,44.8,NotStarted,Progress: NotStarted,2023,10,4,NotStarted
84,10,2023-11-01,CollegePrep,School 14,Enrolled,0.563,34.8,InProgress,Progress: InProgress,2023,11,4,InProgress
85,10,2023-12-01,Primary,School 19,Enrolled,0.499,33.9,InProgress,Progress: InProgress,2023,12,4,InProgress
86,10,2024-01-01,Secondary,School 15,Enrolled,0.483,41.4,InProgress,Progress: InProgress,2024,1,1,InProgress
87,10,2024-02-01,Vocational,School 19,Enrolled,0.69,45.4,InProgress,Progress: InProgress,2024,2,1,InProgress
88,10,2024-03-01,Vocational,School 18,Enrolled,0.668,55.4,InProgress,Progress: InProgress,2024,3,1,InProgress
89,10,2024-04-01,Secondary,School 13,Enrolled,0.696,74.9,InProgress,Progress: InProgress,2024,4,2,InProgress
90,10,2024-05-01,Primary,School 14,Enrolled,0.617,80.0,InProgress,Progress: InProgress,2024,5,2,InProgress
91,11,2023-04-01,Primary,School 15,Enrolled,0.771,41.4,NotStarted,Progress: NotStarted,2023,4,2,NotStarted
92,11,2023-05-01,CollegePrep,School 14,Enrolled,0.551,38.0,InProgress,Progress: InProgress,2023,5,2,InProgress
93,11,2023-06-01,Vocational,School 17,Enrolled,0.789,44.7,InProgress,Progress: InProgress,2023,6,2,InProgress
94,11,2023-07-01,Secondary,School 2,Enrolled,0.755,46.8,InProgress,Progress: InProgress,2023,7,3,InProgress
95,11,2023-08-01,Vocational,School 14,Enrolled,0.658,55.6,InProgress,Progress: InProgress,2023,8,3,InProgress
96,11,2023-09-01,Secondary,School 16,Enrolled,0.923,89.9,InProgress,Progress: InProgress,2023,9,3,InProgress
97,11,2023-10-01,Primary,School 17,Enrolled,0.669,100.0,InProgress,Progress: InProgress,2023,10,4,InProgress
98,11,2023-11-01,Vocational,School 14,Enrolled,0.701,100.0,InProgress,Progress: InProgress,2023,11,4,InProgress
99,11,2023-12-01,Primary,School 9,Enrolled,1.0,100.0,InProgress,Progress: InProgress,2023,12,4,InProgress
100,12,2024-06-01,Vocational,School 16,Enrolled,0.384,11.4,NotStarted,Progress: NotStarted,2024,6,2,NotStarted
101,12,2024-07-01,Secondary,School 10,Enrolled,0.393,6.9,InProgress,Progress: InProgress,2024,7,3,InProgress
102,12,2024-08-01,Secondary,School 3,Enrolled,0.734,26.0,InProgress,Progress: InProgress,2024,8,3,InProgress
103,12,2024-09-01,Secondary,School 15,Enrolled,0.505,29.7,InProgress,Progress: InProgress,2024,9,3,InProgress
104,12,2024-10-01,Secondary,School 5,Enrolled,0.713,52.9,InProgress,Progress: InProgress,2024,10,4,InProgress
105,12,2024-11-01,Secondary,School 11,Enrolled,0.439,48.4,InProgress,Progress: InProgress,2024,11,4,InProgress
106,12,2024-12-01,Primary,School 10,Enrolled,0.587,58.0,InProgress,Progress: InProgress,2024,12,4,InProgress
107,12,2025-01-01,Secondary,School 14,Enrolled,0.65,72.0,InProgress,Progress: InProgress,2025,1,1,InProgress
108,12,2025-02-01,Primary,School 2,Enrolled,0.938,91.9,InProgress,Progress: InProgress,2025,2,1,InProgress
109,12,2025-03-01,Secondary,School 17,Enrolled,0.571,100.0,InProgress,Progress: InProgress,2025,3,1,InProgress
110,12,2025-04-01,Primary,School 19,Enrolled,0.781,100.0,InProgress,Progress: InProgress,2025,4,2,InProgress
111,12,2025-05-01,Vocational,School 5,Enrolled,0.681,100.0,InProgress,Progress: InProgress,2025,5,2,InProgress
112,13,2023-02-01,Secondary,School 13,Enrolled,0.642,43.6,NotStarted,Progress: NotStarted,2023,2,1,NotStarted
113,13,2023-03-01,Primary,School 10,Enrolled,0.602,59.1,InProgress,Progress: InProgress,2023,3,1,InProgress
114,13,2023-04-01,Secondary,School 11,Enrolled,0.714,75.4,InProgress,Progress: InProgress,2023,4,2,InProgress
115,13,2023-05-01,Secondary,School 18,Enrolled,0.8,100.0,InProgress,Progress: InProgress,2023,5,2,InProgress
116,13,2023-06-01,Primary,School 2,Enrolled,0.648,98.6,Completed,Progress: Completed,2023,6,2,Completed
117,13,2023-07-01,Secondary,School 17,Enrolled,0.83,100.0,InProgress,Progress: InProgress,2023,7,3,InProgress
118,14,2025-01-01,CollegePrep,School 13,Enrolled,0.694,68.2,NotStarted,Progress: NotStarted,2025,1,1,NotStarted
119,14,2025-02-01,Primary,School 13,Enrolled,0.786,80.3,InProgress,Progress: InProgress,2025,2,1,InProgress
120,14,2025-03-01,Vocational,School 11,Enrolled,0.885,100.0,InProgress,Progress: InProgress,2025,3,1,InProgress
121,14,2025-04-01,Primary,School 4,Enrolled,0.833,100.0,InProgress,Progress: InProgress,2025,4,2,InProgress
122,14,2025-05-01,Secondary,School 14,Enrolled,0.839,100.0,InProgress,Progress: InProgress,2025,5,2,InProgress
123,14,2025-06-01,Vocational,School 5,Enrolled,0.518,100.0,InProgress,Progress: InProgress,2025,6,2,InProgress
124,14,2025-07-01,Vocational,School 2,Enrolled,0.749,100.0,Completed,Progress: Completed,2025,7,3,Completed
125,14,2025-08-01,Primary,School 7,Enrolled,0.751,100.0,InProgress,Progress: InProgress,2025,8,3,InProgress
126,15,2024-10-01,Secondary,School 18,Enrolled,0.825,45.1,NotStarted,Progress: NotStarted,2024,10,4,NotStarted
127,15,2024-11-01,Vocational,School 9,Enrolled,0.507,58.4,InProgress,Progress: InProgress,2024,11,4,InProgress
128,15,2024-12-01,Secondary,School 15,Enrolled,0.499,69.8,InProgress,Progress: InProgress,2024,12,4,InProgress
129,15,2025-01-01,Secondary,School 10,Enrolled,0.578,77.9,InProgress,Progress: InProgress,2025,1,1,InProgress
130,15,2025-02-01,Secondary,School 10,Enrolled,0.814,82.0,InProgress,Progress: InProgress,2025,2,1,InProgress
131,15,2025-03-01,CollegePrep,School 8,Enrolled,0.777,86.0,InProgress,Progress: InProgress,2025,3,1,InProgress
132,15,2025-04-01,Primary,School 15,Enrolled,0.644,97.1,InProgress,Progress: InProgress,2025,4,2,InProgress
133,15,2025-05-01,CollegePrep,School 12,Enrolled,1.0,100.0,InProgress,Progress: InProgress,2025,5,2,InProgress
134,15,2025-06-01,Primary,School 7,Enrolled,0.699,100.0,InProgress,Progress: InProgress,2025,6,2,InProgress
135,15,2025-07-01,Primary,School 5,Enrolled,0.784,100.0,InProgress,Progress: InProgress,2025,7,3,InProgress
136,15,2025-08-01,Primary,School 16,Enrolled,0.77,100.0,Completed,Progress: Completed,2025,8,3,Completed
137,15,2025-09-01,Secondary,School 14,Enrolled,0.779,100.0,Completed,Progress: Completed,2025,9,3,Completed
138,16,2023-06-01,Primary,School 13,Enrolled,0.545,36.9,NotStarted,Progress: NotStarted,2023,6,2,NotStarted
139,16,2023-07-01,Secondary,School 14,Enrolled,0.753,60.8,InProgress,Progress: InProgress,2023,7,3,InProgress
140,16,2023-08-01,Primary,School 20,Enrolled,0.558,67.8,InProgress,Progress: InProgress,2023,8,3,InProgress
141,16,2023-09-01,CollegePrep,School 8,Enrolled,0.632,90.0,InProgress,Progress: InProgress,2023,9,3,InProgress
142,16,2023-10-01,Vocational,School 17,Enrolled,0.672,100.0,InProgress,Progress: InProgress,2023,10,4,InProgress
143,16,2023-11-01,CollegePrep,School 3,Enrolled,0.763,100.0,InProgress,Progress: InProgress,2023,11,4,InProgress
144,17,2025-01-01,Secondary,School 11,Enrolled,0.66,54.3,NotStarted,Progress: NotStarted,2025,1,1,NotStarted
145,17,2025-02-01,Secondary,School 15,Enrolled,0.612,69.7,InProgress,Progress: InProgress,2025,2,1,InProgress
146,17,2025-03-01,Primary,School 15,Enrolled,0.972,97.6,InProgress,Progress: InProgress,2025,3,1,InProgress
147,17,2025-04-01,Secondary,School 17,Enrolled,0.833,100.0,InProgress,Progress: InProgress,2025,4,2,InProgress
148,17,2025-05-01,Secondary,School 2,Enrolled,0.806,100.0,InProgress,Progress: InProgress,2025,5,2,InProgress
149,17,2025-06-01,Secondary,School 14,Enrolled,0.95,100.0,InProgress,Progress: InProgress,2025,6,2,InProgress
150,17,2025-07-01,Primary,School 2,Enrolled,0.749,100.0,InProgress,Progress: InProgress,2025,7,3,InProgress
151,17,2025-08-01,CollegePrep,School 14,Enrolled,0.878,100.0,InProgress,Progress: InProgress,2025,8,3,InProgress
152,17,2025-09-01,Secondary,School 2,Enrolled,0.712,100.0,Completed,Progress: Completed,2025,9,3,Completed
153,18,2023-12-01,Vocational,School 1,Enrolled,0.671,60.9,NotStarted,Progress: NotStarted,2023,12,4,NotStarted
154,18,2024-01-01,Primary,School 1,Enrolled,0.695,72.1,InProgress,Progress: InProgress,2024,1,1,InProgress
155,18,2024-02-01,Primary,School 13,Enrolled,0.782,85.2,InProgress,Progress: InProgress,2024,2,1,InProgress
156,18,2024-03-01,Secondary,School 20,Enrolled,0.821,89.3,InProgress,Progress: InProgress,2024,3,1,InProgress
157,18,2024-04-01,Vocational,School 4,Enrolled,0.786,84.4,InProgress,Progress: InProgress,2024,4,2,InProgress
158,18,2024-05-01,Secondary,School 13,Enrolled,0.57,100.0,InProgress,Progress: InProgress,2024,5,2,InProgress
159,18,2024-06-01,Secondary,School 1,Enrolled,0.833,100.0,InProgress,Progress: InProgress,2024,6,2,InProgress
160,18,2024-07-01,Secondary,School 16,Enrolled,0.87,100.0,Completed,Progress: Completed,2024,7,3,Completed
161,19,2024-01-01,Vocational,School 13,Enrolled,0.62,28.5,NotStarted,Progress: NotStarted,2024,1,1,NotStarted
162,19,2024-02-01,Vocational,School 5,Enrolled,0.83,29.1,InProgress,Progress: InProgress,2024,2,1,InProgress
163,19,2024-03-01,Secondary,School 8,Enrolled,0.661,49.2,InProgress,Progress: InProgress,2024,3,1,InProgress
164,19,2024-04-01,Secondary,School 3,Enrolled,0.593,55.4,InProgress,Progress: InProgress,2024,4,2,InProgress
165,19,2024-05-01,Secondary,School 15,Enrolled,0.613,70.0,InProgress,Progress: InProgress,2024,5,2,InProgress
166,19,2024-06-01,Primary,School 3,Enrolled,0.925,92.4,Completed,Progress: Completed,2024,6,2,Completed
167,20,2025-03-01,Vocational,School 17,Enrolled,0.835,56.9,NotStarted,Progress: NotStarted,2025,3,1,NotStarted
168,20,2025-04-01,Vocational,School 9,Enrolled,0.594,59.9,InProgress,Progress: InProgress,2025,4,2,InProgress
169,20,2025-05-01,Secondary,School 3,Enrolled,0.628,78.7,InProgress,Progress: InProgress,2025,5,2,InProgress
170,20,2025-06-01,Secondary,School 20,Enrolled,0.687,88.1,InProgress,Progress: InProgress,2025,6,2,InProgress
171,20,2025-07-01,Vocational,School 14,Enrolled,0.69,65.7,InProgress,Progress: InProgress,2025,7,3,InProgress
172,20,2025-08-01,Secondary,School 7,Enrolled,0.681,90.9,InProgress,Progress: InProgress,2025,8,3,InProgress
173,20,2025-09-01,Secondary,School 14,Enrolled,0.606,100.0,InProgress,Progress: InProgress,2025,9,3,InProgress
174,20,2025-10-01,CollegePrep,School 8,Enrolled,0.839,100.0,InProgress,Progress: InProgress,2025,10,4,InProgress
175,20,2025-11-01,Vocational,School 9,Enrolled,0.631,95.1,Completed,Progress: Completed,2025,11,4,Completed
176,21,2023-10-01,Secondary,School 2,Enrolled,0.541,56.0,NotStarted,Progress: NotStarted,2023,10,4,NotStarted
177,21,2023-11-01,Vocational,School 9,Enrolled,0.651,68.2,InProgress,Progress: InProgress,2023,11,4,InProgress
178,21,2023-12-01,CollegePrep,School 17,Enrolled,0.927,94.0,InProgress,Progress: InProgress,2023,12,4,InProgress
179,21,2024-01-01,Vocational,School 3,Enrolled,0.959,100.0,InProgress,Progress: InProgress,2024,1,1,InProgress
180,21,2024-02-01,Secondary,School 10,Enrolled,0.764,98.2,InProgress,Progress: InProgress,2024,2,1,InProgress
181,21,2024-03-01,Vocational,School 4,Enrolled,0.885,100.0,InProgress,Progress: InProgress,2024,3,1,InProgress
182,21,2024-04-01,Primary,School 7,Enrolled,0.852,98.7,InProgress,Progress: InProgress,2024,4,2,InProgress
183,21,2024-05-01,Secondary,School 19,Enrolled,0.782,100.0,Completed,Progress: Completed,2024,5,2,Completed
184,22,2023-05-01,Primary,School 20,Enrolled,0.745,56.7,NotStarted,Progress: NotStarted,2023,5,2,NotStarted
185,22,2023-06-01,Secondary,School 5,Enrolled,0.632,59.4,InProgress,Progress: InProgress,2023,6,2,InProgress
186,22,2023-07-01,Primary,School 5,Enrolled,0.584,62.1,InProgress,Progress: InProgress,2023,7,3,InProgress
187,22,2023-08-01,Secondary,School 4,Enrolled,0.788,77.7,InProgress,Progress: InProgress,2023,8,3,InProgress
188,22,2023-09-01,Primary,School 8,Enrolled,0.675,100.0,InProgress,Progress: InProgress,2023,9,3,InProgress
189,22,2023-10-01,Secondary,School 12,Enrolled,0.867,100.0,InProgress,Progress: InProgress,2023,10,4,InProgress
190,22,2023-11-01,Primary,School 16,Enrolled,0.839,100.0,Completed,Progress: Completed,2023,11,4,Completed
191,22,2023-12-01,Primary,School 16,Enrolled,0.802,100.0,InProgress,Progress: InProgress,2023,12,4,InProgress
192,23,2023-02-01,Secondary,School 12,Enrolled,0.63,50.0,NotStarted,Progress: NotStarted,2023,2,1,NotStarted
193,23,2023-03-01,Primary,School 8,Enrolled,0.697,50.5,InProgress,Progress: InProgress,2023,3,1,InProgress
194,23,2023-04-01,Primary,School 4,Enrolled,0.771,72.1,InProgress,Progress: InProgress,2023,4,2,InProgress
195,23,2023-05-01,Primary,School 10,Enrolled,0.792,88.7,InProgress,Progress: InProgress,2023,5,2,InProgress
196,23,2023-06-01,Primary,School 18,Enrolled,0.843,100.0,InProgress,Progress: InProgress,2023,6,2,InProgress
197,23,2023-07-01,Primary,School 20,Enrolled,0.81,100.0,InProgress,Progress: InProgress,2023,7,3,InProgress
198,23,2023-08-01,Secondary,School 8,Enrolled,0.797,100.0,InProgress,Progress: InProgress,2023,8,3,InProgress
199,23,2023-09-01,Secondary,School 3,Enrolled,0.704,100.0,InProgress,Progress: InProgress,2023,9,3,InProgress
200,23,2023-10-01,Vocational,School 17,Enrolled,0.81,100.0,InProgress,Progress: InProgress,2023,10,4,InProgress
201,23,2023-11-01,Primary,School 20,Enrolled,0.816,100.0,InProgress,Progress: InProgress,2023,11,4,InProgress
202,23,2023-12-01,Primary,School 7,Enrolled,0.664,100.0,Completed,Progress: Completed,2023,12,4,Completed
203,24,2024-11-01,Secondary,School 3,Enrolled,0.643,53.3,NotStarted,Progress: NotStarted,2024,11,4,NotStarted
204,24,2024-12-01,Secondary,School 16,Enrolled,0.64,76.2,InProgress,Progress: InProgress,2024,12,4,InProgress
205,24,2025-01-01,Secondary,School 15,Enrolled,0.865,65.9,InProgress,Progress: InProgress,2025,1,1,InProgress
206,24,2025-02-01,Primary,School 4,Enrolled,0.728,68.5,InProgress,Progress: InProgress,2025,2,1,InProgress
207,24,2025-03-01,CollegePrep,School 4,Enrolled,0.667,94.8,InProgress,Progress: InProgress,2025,3,1,InProgress
208,24,2025-04-01,Secondary,School 9,Enrolled,0.664,88.0,InProgress,Progress: InProgress,2025,4,2,InProgress
209,24,2025-05-01,Secondary,School 20,Enrolled,0.98,95.4,Completed,Progress: Completed,2025,5,2,Completed
210,25,2023-06-01,Primary,School 18,Enrolled,0.613,47.6,NotStarted,Progress: NotStarted,2023,6,2,NotStarted
211,25,2023-07-01,Vocational,School 3,Enrolled,0.649,81.0,InProgress,Progress: InProgress,2023,7,3,InProgress
212,25,2023-08-01,Vocational,School 17,Enrolled,0.717,90.0,InProgress,Progress: InProgress,2023,8,3,InProgress
213,25,2023-09-01,Vocational,School 19,Enrolled,0.838,100.0,InProgress,Progress: InProgress,2023,9,3,InProgress
214,25,2023-10-01,Vocational,School 4,Enrolled,0.719,100.0,InProgress,Progress: InProgress,2023,10,4,InProgress
215,25,2023-11-01,CollegePrep,School 5,Enrolled,0.7,100.0,InProgress,Progress: InProgress,2023,11,4,InProgress
216,25,2023-12-01,Primary,School 19,Enrolled,0.713,100.0,InProgress,Progress: InProgress,2023,12,4,InProgress
217,25,2024-01-01,Secondary,School 13,Enrolled,0.651,100.0,InProgress,Progress: InProgress,2024,1,1,InProgress
218,25,2024-02-01,CollegePrep,School 7,Enrolled,0.962,100.0,InProgress,Progress: InProgress,2024,2,1,InProgress
219,25,2024-03-01,Vocational,School 5,Enrolled,0.574,100.0,InProgress,Progress: InProgress,2024,3,1,InProgress
220,25,2024-04-01,Vocational,School 1,Enrolled,0.85,98.4,InProgress,Progress: InProgress,2024,4,2,InProgress
221,25,2024-05-01,Secondary,School 12,Enrolled,0.726,100.0,Completed,Progress: Completed,2024,5,2,Completed
222,26,2023-07-01,Secondary,School 13,Enrolled,0.716,55.5,NotStarted,Progress: NotStarted,2023,7,3,NotStarted
223,26,2023-08-01,Secondary,School 13,Enrolled,0.716,52.7,InProgress,Progress: InProgress,2023,8,3,InProgress
224,26,2023-09-01,Vocational,School 10,Enrolled,0.771,73.1,InProgress,Progress: InProgress,2023,9,3,InProgress
225,26,2023-10-01,Secondary,School 14,Enrolled,0.726,81.0,InProgress,Progress: InProgress,2023,10,4,InProgress
226,26,2023-11-01,Vocational,School 15,Enrolled,0.832,95.1,InProgress,Progress: InProgress,2023,11,4,InProgress
227,26,2023-12-01,Secondary,School 15,Enrolled,0.744,100.0,InProgress,Progress: InProgress,2023,12,4,InProgress
228,26,2024-01-01,Primary,School 3,Enrolled,0.786,100.0,InProgress,Progress: InProgress,2024,1,1,InProgress
229,26,2024-02-01,CollegePrep,School 11,Enrolled,0.713,100.0,InProgress,Progress: InProgress,2024,2,1,InProgress
230,27,2025-03-01,Primary,School 4,Enrolled,0.572,59.5,NotStarted,Progress: NotStarted,2025,3,1,NotStarted
231,27,2025-04-01,Secondary,School 6,Enrolled,0.745,78.8,InProgress,Progress: InProgress,2025,4,2,InProgress
232,27,2025-05-01,CollegePrep,School 15,Enrolled,0.795,97.6,InProgress,Progress: InProgress,2025,5,2,InProgress
233,27,2025-06-01,Primary,School 16,Enrolled,0.854,100.0,InProgress,Progress: InProgress,2025,6,2,InProgress
234,27,2025-07-01,Secondary,School 11,Enrolled,0.867,100.0,InProgress,Progress: InProgress,2025,7,3,InProgress
235,27,2025-08-01,Primary,School 17,Enrolled,0.719,100.0,InProgress,Progress: InProgress,2025,8,3,InProgress
236,27,2025-09-01,CollegePrep,School 17,Enrolled,0.72,100.0,InProgress,Progress: InProgress,2025,9,3,InProgress
237,27,2025-10-01,Primary,School 2,Enrolled,0.886,100.0,InProgress,Progress: InProgress,2025,10,4,InProgress
238,27,2025-11-01,CollegePrep,School 16,Enrolled,0.741,100.0,InProgress,Progress: InProgress,2025,11,4,InProgress
239,27,2025-12-01,Secondary,School 17,Enrolled,0.733,100.0,InProgress,Progress: InProgress,2025,12,4,InProgress
240,28,2023-11-01,CollegePrep,School 16,Enrolled,0.822,81.0,NotStarted,Progress: NotStarted,2023,11,4,NotStarted
241,28,2023-12-01,Vocational,School 7,Enrolled,0.923,100.0,InProgress,Progress: InProgress,2023,12,4,InProgress
242,28,2024-01-01,Secondary,School 3,Enrolled,0.797,100.0,InProgress,Progress: InProgress,2024,1,1,InProgress
243,28,2024-02-01,Secondary,School 15,Enrolled,0.654,100.0,InProgress,Progress: InProgress,2024,2,1,InProgress
244,28,2024-03-01,Secondary,School 4,Enrolled,0.574,100.0,InProgress,Progress: InProgress,2024,3,1,InProgress
245,28,2024-04-01,Vocational,School 10,Enrolled,0.902,100.0,InProgress,Progress: InProgress,2024,4,2,InProgress
246,28,2024-05-01,Vocational,School 20,Enrolled,0.714,80.1,InProgress,Progress: InProgress,2024,5,2,InProgress
247,28,2024-06-01,Vocational,School 7,Enrolled,0.74,85.1,InProgress,Progress: InProgress,2024,6,2,InProgress
248,28,2024-07-01,Vocational,School 13,Enrolled,0.569,100.0,InProgress,Progress: InProgress,2024,7,3,InProgress
249,28,2024-08-01,Vocational,School 17,Enrolled,0.761,89.7,InProgress,Progress: InProgress,2024,8,3,InProgress
250,28,2024-09-01,Secondary,School 17,Enrolled,0.634,100.0,Completed,Progress: Completed,2024,9,3,Completed
251,28,2024-10-01,Vocational,School 5,Enrolled,0.899,100.0,Completed,Progress: Completed,2024,10,4,Completed
252,29,2023-03-01,Secondary,School 9,Enrolled,0.748,70.6,NotStarted,Progress: NotStarted,2023,3,1,NotStarted
253,29,2023-04-01,Vocational,School 12,Enrolled,0.707,76.4,InProgress,Progress: InProgress,2023,4,2,InProgress
254,29,2023-05-01,Secondary,School 9,Enrolled,0.623,99.9,InProgress,Progress: InProgress,2023,5,2,InProgress
255,29,2023-06-01,Primary,School 16,Enrolled,0.898,100.0,InProgress,Progress: InProgress,2023,6,2,InProgress
256,29,2023-07-01,Primary,School 8,Enrolled,0.894,100.0,InProgress,Progress: InProgress,2023,7,3,InProgress
257,29,2023-08-01,Primary,School 8,Enrolled,0.752,100.0,InProgress,Progress: InProgress,2023,8,3,InProgress
258,30,2024-01-01,Primary,School 3,Enrolled,0.714,52.5,NotStarted,Progress: NotStarted,2024,1,1,NotStarted
259,30,2024-02-01,Secondary,School 8,Enrolled,0.693,64.3,InProgress,Progress: InProgress,2024,2,1,InProgress
260,30,2024-03-01,Vocational,School 6,Enrolled,0.649,82.7,InProgress,Progress: InProgress,2024,3,1,InProgress
261,30,2024-04-01,Primary,School 2,Enrolled,0.792,100.0,InProgress,Progress: InProgress,2024,4,2,InProgress
262,30,2024-05-01,Secondary,School 17,Enrolled,1.0,100.0,InProgress,Progress: InProgress,2024,5,2,InProgress
263,30,2024-06-01,Vocational,School 16,Enrolled,0.73,100.0,InProgress,Progress: InProgress,2024,6,2,InProgress
264,30,2024-07-01,CollegePrep,School 16,Enrolled,0.779,100.0,InProgress,Progress: InProgress,2024,7,3,InProgress
265,30,2024-08-01,Primary,School 2,Enrolled,0.647,100.0,InProgress,Progress: InProgress,2024,8,3,InProgress
266,30,2024-09-01,Primary,School 6,Enrolled,0.716,100.0,InProgress,Progress: InProgress,2024,9,3,InProgress
267,30,2024-10-01,Vocational,School 16,Enrolled,0.625,100.0,Completed,Progress: Completed,2024,10,4,Completed
268,30,2024-11-01,Secondary,School 14,Enrolled,0.89,100.0,InProgress,Progress: InProgress,2024,11,4,InProgress
269,31,2023-09-01,CollegePrep,School 11,Enrolled,0.681,36.0,NotStarted,Progress: NotStarted,2023,9,3,NotStarted
270,31,2023-10-01,Secondary,School 9,Enrolled,0.584,39.9,InProgress,Progress: InProgress,2023,10,4,InProgress
271,31,2023-11-01,Primary,School 19,Enrolled,0.774,62.0,InProgress,Progress: InProgress,2023,11,4,InProgress
272,31,2023-12-01,Primary,School 9,Enrolled,0.836,74.7,InProgress,Progress: InProgress,2023,12,4,InProgress
273,31,2024-01-01,Secondary,School 11,Enrolled,0.968,100.0,InProgress,Progress: InProgress,2024,1,1,InProgress
274,31,2024-02-01,Secondary,School 3,Enrolled,1.0,100.0,InProgress,Progress: InProgress,2024,2,1,InProgress
275,31,2024-03-01,Vocational,School 12,Enrolled,0.844,100.0,InProgress,Progress: InProgress,2024,3,1,InProgress
276,31,2024-04-01,CollegePrep,School 5,Enrolled,0.566,97.8,Completed,Progress: Completed,2024,4,2,Completed
277,31,2024-05-01,Secondary,School 4,Enrolled,0.918,100.0,InProgress,Progress: InProgress,2024,5,2,InProgress
278,32,2025-02-01,Secondary,School 20,Enrolled,0.668,48.2,NotStarted,Progress: NotStarted,2025,2,1,NotStarted
279,32,2025-03-01,Primary,School 7,Enrolled,0.731,68.4,InProgress,Progress: InProgress,2025,3,1,InProgress
280,32,2025-04-01,Secondary,School 11,Enrolled,0.808,94.1,InProgress,Progress: InProgress,2025,4,2,InProgress
281,32,2025-05-01,Vocational,School 16,Enrolled,0.753,100.0,InProgress,Progress: InProgress,2025,5,2,InProgress
282,32,2025-06-01,Primary,School 12,Enrolled,0.798,100.0,InProgress,Progress: InProgress,2025,6,2,InProgress
283,32,2025-07-01,Vocational,School 10,Enrolled,0.565,91.6,InProgress,Progress: InProgress,2025,7,3,InProgress
284,32,2025-08-01,CollegePrep,School 3,Enrolled,0.952,100.0,InProgress,Progress: InProgress,2025,8,3,InProgress
285,32,2025-09-01,CollegePrep,School 16,Enrolled,0.932,100.0,Completed,Progress: Completed,2025,9,3,Completed
286,32,2025-10-01,Primary,School 19,Enrolled,0.972,100.0,InProgress,Progress: InProgress,2025,10,4,InProgress
287,33,2024-12-01,Primary,School 4,Enrolled,0.442,25.0,NotStarted,Progress: NotStarted,2024,12,4,NotStarted
288,33,2025-01-01,Primary,School 5,Enrolled,0.701,33.3,InProgress,Progress: InProgress,2025,1,1,InProgress
289,33,2025-02-01,Vocational,School 4,Enrolled,0.617,46.3,InProgress,Progress: InProgress,2025,2,1,InProgress
290,33,2025-03-01,Primary,School 17,Enrolled,0.734,61.5,InProgress,Progress: InProgress,2025,3,1,InProgress
291,33,2025-04-01,Secondary,School 4,Enrolled,0.776,66.3,InProgress,Progress: InProgress,2025,4,2,InProgress
292,33,2025-05-01,CollegePrep,School 12,Enrolled,0.766,71.5,InProgress,Progress: InProgress,2025,5,2,InProgress
293,33,2025-06-01,Vocational,School 3,Enrolled,0.644,90.0,InProgress,Progress: InProgress,2025,6,2,InProgress
294,33,2025-07-01,Secondary,School 1,Enrolled,0.824,100.0,InProgress,Progress: InProgress,2025,7,3,InProgress
295,34,2023-07-01,Vocational,School 10,Enrolled,0.746,51.8,NotStarted,Progress: NotStarted,2023,7,3,NotStarted
296,34,2023-08-01,Secondary,School 3,Enrolled,0.642,63.1,InProgress,Progress: InProgress,2023,8,3,InProgress
297,34,2023-09-01,Secondary,School 8,Enrolled,0.786,85.6,InProgress,Progress: InProgress,2023,9,3,InProgress
298,34,2023-10-01,Primary,School 3,Enrolled,0.908,100.0,InProgress,Progress: InProgress,2023,10,4,InProgress
299,34,2023-11-01,Vocational,School 13,Enrolled,0.664,100.0,InProgress,Progress: InProgress,2023,11,4,InProgress
300,34,2023-12-01,Primary,School 6,Enrolled,0.703,100.0,InProgress,Progress: InProgress,2023,12,4,InProgress
301,34,2024-01-01,Primary,School 6,Enrolled,0.962,100.0,InProgress,Progress: InProgress,2024,1,1,InProgress
302,34,2024-02-01,Vocational,School 13,Enrolled,0.736,100.0,InProgress,Progress: InProgress,2024,2,1,InProgress
303,34,2024-03-01,Primary,School 8,Enrolled,0.755,100.0,InProgress,Progress: InProgress,2024,3,1,InProgress
304,34,2024-04-01,Primary,School 4,Enrolled,0.758,100.0,Completed,Progress: Completed,2024,4,2,Completed
305,34,2024-05-01,Secondary,School 9,Enrolled,0.919,100.0,InProgress,Progress: InProgress,2024,5,2,InProgress
306,35,2024-08-01,Primary,School 4,Enrolled,0.813,55.6,NotStarted,Progress: NotStarted,2024,8,3,NotStarted
307,35,2024-09-01,Primary,School 6,Enrolled,0.726,80.5,InProgress,Progress: InProgress,2024,9,3,InProgress
308,35,2024-10-01,CollegePrep,School 3,Enrolled,0.753,96.3,InProgress,Progress: InProgress,2024,10,4,InProgress
309,35,2024-11-01,Secondary,School 10,Enrolled,0.883,100.0,InProgress,Progress: InProgress,2024,11,4,InProgress
310,35,2024-12-01,Secondary,School 12,Enrolled,0.842,100.0,InProgress,Progress: InProgress,2024,12,4,InProgress
311,35,2025-01-01,Secondary,School 1,Enrolled,0.981,100.0,InProgress,Progress: InProgress,2025,1,1,InProgress
312,35,2025-02-01,Secondary,School 13,Enrolled,0.964,100.0,InProgress,Progress: InProgress,2025,2,1,InProgress
313,35,2025-03-01,Primary,School 14,Enrolled,0.735,100.0,InProgress,Progress: InProgress,2025,3,1,InProgress
314,35,2025-04-01,CollegePrep,School 1,Enrolled,0.759,100.0,Completed,Progress: Completed,2025,4,2,Completed
315,35,2025-05-01,Secondary,School 15,Enrolled,0.663,100.0,InProgress,Progress: InProgress,2025,5,2,InProgress
316,36,2023-03-01,Secondary,School 4,Enrolled,0.575,56.3,NotStarted,Progress: NotStarted,2023,3,1,NotStarted
317,36,2023-04-01,Primary,School 16,Enrolled,0.874,62.4,InProgress,Progress: InProgress,2023,4,2,InProgress
318,36,2023-05-01,Primary,School 5,Enrolled,0.584,64.5,InProgress,Progress: InProgress,2023,5,2,InProgress
319,36,2023-06-01,CollegePrep,School 19,Enrolled,0.69,90.2,InProgress,Progress: InProgress,2023,6,2,InProgress
320,36,2023-07-01,Primary,School 15,Enrolled,0.784,97.0,InProgress,Progress: InProgress,2023,7,3,InProgress
321,36,2023-08-01,Primary,School 17,Enrolled,0.737,100.0,Completed,Progress: Completed,2023,8,3,Completed
322,37,2024-01-01,Primary,School 5,Enrolled,0.666,43.8,NotStarted,Progress: NotStarted,2024,1,1,NotStarted
323,37,2024-02-01,Vocational,School 11,Enrolled,0.411,47.6,InProgress,Progress: InProgress,2024,2,1,InProgress
324,37,2024-03-01,Primary,School 2,Enrolled,0.562,52.2,InProgress,Progress: InProgress,2024,3,1,InProgress
325,37,2024-04-01,Primary,School 13,Enrolled,0.842,55.4,InProgress,Progress: InProgress,2024,4,2,InProgress
326,37,2024-05-01,Secondary,School 6,Enrolled,0.599,64.4,InProgress,Progress: InProgress,2024,5,2,InProgress
327,37,2024-06-01,Vocational,School 12,Enrolled,0.829,73.8,InProgress,Progress: InProgress,2024,6,2,InProgress
328,37,2024-07-01,Secondary,School 12,Enrolled,0.673,80.0,InProgress,Progress: InProgress,2024,7,3,InProgress
329,37,2024-08-01,CollegePrep,School 20,Enrolled,0.721,77.1,InProgress,Progress: InProgress,2024,8,3,InProgress
330,37,2024-09-01,Secondary,School 10,Enrolled,0.807,75.2,InProgress,Progress: InProgress,2024,9,3,InProgress
331,37,2024-10-01,Secondary,School 10,Enrolled,0.757,70.4,InProgress,Progress: InProgress,2024,10,4,InProgress
332,37,2024-11-01,Primary,School 7,Enrolled,0.667,89.1,InProgress,Progress: InProgress,2024,11,4,InProgress
333,37,2024-12-01,Vocational,School 2,Enrolled,0.776,100.0,Completed,Progress: Completed,2024,12,4,Completed
334,38,2024-04-01,Primary,School 2,Enrolled,0.585,44.4,NotStarted,Progress: NotStarted,2024,4,2,NotStarted
335,38,2024-05-01,Vocational,School 4,Enrolled,0.631,47.3,InProgress,Progress: InProgress,2024,5,2,InProgress
336,38,2024-06-01,Secondary,School 18,Enrolled,0.612,59.4,InProgress,Progress: InProgress,2024,6,2,InProgress
337,38,2024-07-01,Secondary,School 20,Enrolled,0.956,79.5,InProgress,Progress: InProgress,2024,7,3,InProgress
338,38,2024-08-01,Primary,School 8,Enrolled,0.703,90.8,InProgress,Progress: InProgress,2024,8,3,InProgress
339,38,2024-09-01,Secondary,School 20,Enrolled,0.724,100.0,InProgress,Progress: InProgress,2024,9,3,InProgress
340,38,2024-10-01,Primary,School 19,Enrolled,0.879,100.0,InProgress,Progress: InProgress,2024,10,4,InProgress
341,38,2024-11-01,Vocational,School 15,Enrolled,0.93,100.0,InProgress,Progress: InProgress,2024,11,4,InProgress
342,38,2024-12-01,Secondary,School 18,Enrolled,0.838,91.9,Completed,Progress: Completed,2024,12,4,Completed
343,38,2025-01-01,Secondary,School 18,Enrolled,0.923,97.3,Completed,Progress: Completed,2025,1,1,Completed
344,39,2024-10-01,Secondary,School 15,Enrolled,0.596,39.8,NotStarted,Progress: NotStarted,2024,10,4,NotStarted
345,39,2024-11-01,Primary,School 11,Enrolled,0.693,34.2,InProgress,Progress: InProgress,2024,11,4,InProgress
346,39,2024-12-01,Secondary,School 20,Enrolled,0.654,39.4,InProgress,Progress: InProgress,2024,12,4,InProgress
347,39,2025-01-01,Secondary,School 14,Enrolled,0.671,64.7,InProgress,Progress: InProgress,2025,1,1,InProgress
348,39,2025-02-01,Secondary,School 6,Enrolled,0.693,66.9,InProgress,Progress: InProgress,2025,2,1,InProgress
349,39,2025-03-01,Primary,School 11,Enrolled,0.719,83.9,InProgress,Progress: InProgress,2025,3,1,InProgress
350,39,2025-04-01,Secondary,School 4,Enrolled,0.719,92.5,InProgress,Progress: InProgress,2025,4,2,InProgress
351,39,2025-05-01,Primary,School 20,Enrolled,0.777,96.6,InProgress,Progress: InProgress,2025,5,2,InProgress
352,39,2025-06-01,Secondary,School 19,Enrolled,0.784,99.1,InProgress,Progress: InProgress,2025,6,2,InProgress
353,39,2025-07-01,Primary,School 8,Enrolled,0.772,100.0,InProgress,Progress: InProgress,2025,7,3,InProgress
354,39,2025-08-01,CollegePrep,School 17,Enrolled,0.71,100.0,Completed,Progress: Completed,2025,8,3,Completed
355,40,2025-03-01,Vocational,School 7,Enrolled,0.551,46.4,NotStarted,Progress: NotStarted,2025,3,1,NotStarted
356,40,2025-04-01,Secondary,School 15,Enrolled,0.635,63.8,InProgress,Progress: InProgress,2025,4,2,InProgress
357,40,2025-05-01,Vocational,School 11,Enrolled,0.584,71.6,InProgress,Progress: InProgress,2025,5,2,InProgress
358,40,2025-06-01,Vocational,School 2,Enrolled,0.834,85.0,InProgress,Progress: InProgress,2025,6,2,InProgress
359,40,2025-07-01,Secondary,School 3,Enrolled,0.765,90.4,InProgress,Progress: InProgress,2025,7,3,InProgress
360,40,2025-08-01,Primary,School 20,Enrolled,0.778,89.8,InProgress,Progress: InProgress,2025,8,3,InProgress
361,40,2025-09-01,Vocational,School 7,Enrolled,0.764,95.3,InProgress,Progress: InProgress,2025,9,3,InProgress
362,40,2025-10-01,Secondary,School 6,Enrolled,0.928,100.0,InProgress,Progress: InProgress,2025,10,4,InProgress
363,40,2025-11-01,Secondary,School 14,Enrolled,0.8,84.2,InProgress,Progress: InProgress,2025,11,4,InProgress
364,40,2025-12-01,Primary,School 17,Enrolled,0.832,94.2,InProgress,Progress: InProgress,2025,12,4,InProgress
365,40,2026-01-01,Primary,School 18,Enrolled,0.886,100.0,Completed,Progress: Completed,2026,1,1,Completed
366,40,2026-02-01,Vocational,School 2,Enrolled,0.729,100.0,InProgress,Progress: InProgress,2026,2,1,InProgress
367,41,2024-04-01,Secondary,School 7,Enrolled,0.839,33.3,NotStarted,Progress: NotStarted,2024,4,2,NotStarted
368,41,2024-05-01,CollegePrep,School 18,Enrolled,0.662,45.8,InProgress,Progress: InProgress,2024,5,2,InProgress
369,41,2024-06-01,Vocational,School 12,Enrolled,0.784,68.0,InProgress,Progress: InProgress,2024,6,2,InProgress
370,41,2024-07-01,Primary,School 14,Enrolled,0.868,97.8,InProgress,Progress: InProgress,2024,7,3,InProgress
371,41,2024-08-01,Vocational,School 15,Enrolled,0.859,100.0,InProgress,Progress: InProgress,2024,8,3,InProgress
372,41,2024-09-01,Secondary,School 5,Enrolled,0.894,100.0,InProgress,Progress: InProgress,2024,9,3,InProgress
373,41,2024-10-01,Secondary,School 14,Enrolled,0.885,100.0,Completed,Progress: Completed,2024,10,4,Completed
374,41,2024-11-01,CollegePrep,School 18,Enrolled,1.0,100.0,InProgress,Progress: InProgress,2024,11,4,InProgress
375,42,2024-12-01,Primary,School 13,Enrolled,0.657,46.8,NotStarted,Progress: NotStarted,2024,12,4,NotStarted
376,42,2025-01-01,Primary,School 13,Enrolled,0.48,60.9,InProgress,Progress: InProgress,2025,1,1,InProgress
377,42,2025-02-01,Secondary,School 4,Enrolled,0.861,81.2,InProgress,Progress: InProgress,2025,2,1,InProgress
378,42,2025-03-01,Primary,School 4,Enrolled,0.813,90.6,InProgress,Progress: InProgress,2025,3,1,InProgress
379,42,2025-04-01,Secondary,School 12,Enrolled,0.853,100.0,InProgress,Progress: InProgress,2025,4,2,InProgress
380,42,2025-05-01,Secondary,School 3,Enrolled,0.906,100.0,Completed,Progress: Completed,2025,5,2,Completed
381,42,2025-06-01,CollegePrep,School 14,Enrolled,0.766,100.0,Completed,Progress: Completed,2025,6,2,Completed
382,43,2024-07-01,Secondary,School 9,Enrolled,0.68,37.7,NotStarted,Progress: NotStarted,2024,7,3,NotStarted
383,43,2024-08-01,Primary,School 3,Enrolled,0.589,51.4,InProgress,Progress: InProgress,2024,8,3,InProgress
384,43,2024-09-01,Secondary,School 2,Enrolled,0.756,76.6,InProgress,Progress: InProgress,2024,9,3,InProgress
385,43,2024-10-01,Secondary,School 2,Enrolled,0.625,83.4,InProgress,Progress: InProgress,2024,10,4,InProgress
386,43,2024-11-01,Secondary,School 19,Enrolled,0.759,100.0,InProgress,Progress: InProgress,2024,11,4,InProgress
387,43,2024-12-01,CollegePrep,School 15,Enrolled,0.675,100.0,InProgress,Progress: InProgress,2024,12,4,InProgress
388,43,2025-01-01,Secondary,School 19,Enrolled,0.928,100.0,Completed,Progress: Completed,2025,1,1,Completed
389,44,2023-09-01,Primary,School 14,Enrolled,0.577,50.4,NotStarted,Progress: NotStarted,2023,9,3,NotStarted
390,44,2023-10-01,Secondary,School 10,Enrolled,0.867,50.7,InProgress,Progress: InProgress,2023,10,4,InProgress
391,44,2023-11-01,CollegePrep,School 3,Enrolled,0.674,38.7,InProgress,Progress: InProgress,2023,11,4,InProgress
392,44,2023-12-01,Primary,School 18,Enrolled,0.67,40.0,InProgress,Progress: InProgress,2023,12,4,InProgress
393,44,2024-01-01,Secondary,School 11,Enrolled,0.761,41.2,InProgress,Progress: InProgress,2024,1,1,InProgress
394,44,2024-02-01,Primary,School 11,Enrolled,0.8,50.5,InProgress,Progress: InProgress,2024,2,1,InProgress
395,44,2024-03-01,Primary,School 13,Enrolled,0.701,51.5,InProgress,Progress: InProgress,2024,3,1,InProgress
396,44,2024-04-01,Secondary,School 19,Enrolled,0.536,56.9,InProgress,Progress: InProgress,2024,4,2,InProgress
397,44,2024-05-01,Primary,School 6,Enrolled,0.759,56.5,InProgress,Progress: InProgress,2024,5,2,InProgress
398,45,2023-02-01,Vocational,School 14,Enrolled,0.671,64.7,NotStarted,Progress: NotStarted,2023,2,1,NotStarted
399,45,2023-03-01,Vocational,School 12,Enrolled,0.781,79.4,InProgress,Progress: InProgress,2023,3,1,InProgress
400,45,2023-04-01,Secondary,School 7,Enrolled,0.831,100.0,InProgress,Progress: InProgress,2023,4,2,InProgress
401,45,2023-05-01,CollegePrep,School 17,Enrolled,0.899,100.0,InProgress,Progress: InProgress,2023,5,2,InProgress
402,45,2023-06-01,Secondary,School 2,Enrolled,0.89,100.0,InProgress,Progress: InProgress,2023,6,2,InProgress
403,45,2023-07-01,Primary,School 7,Enrolled,0.778,100.0,InProgress,Progress: InProgress,2023,7,3,InProgress
404,45,2023-08-01,Secondary,School 7,Enrolled,0.777,100.0,InProgress,Progress: InProgress,2023,8,3,InProgress
405,45,2023-09-01,CollegePrep,School 3,Enrolled,0.756,100.0,InProgress,Progress: InProgress,2023,9,3,InProgress
406,45,2023-10-01,Vocational,School 9,Enrolled,0.799,100.0,Completed,Progress: Completed,2023,10,4,Completed
407,46,2024-01-01,Secondary,School 2,Enrolled,0.586,45.2,NotStarted,Progress: NotStarted,2024,1,1,NotStarted
408,46,2024-02-01,Primary,School 16,Enrolled,0.679,59.2,InProgress,Progress: InProgress,2024,2,1,InProgress
409,46,2024-03-01,Vocational,School 18,Enrolled,0.925,79.6,InProgress,Progress: InProgress,2024,3,1,InProgress
410,46,2024-04-01,Vocational,School 6,Enrolled,0.716,82.1,InProgress,Progress: InProgress,2024,4,2,InProgress
411,46,2024-05-01,Primary,School 14,Enrolled,0.625,66.3,InProgress,Progress: InProgress,2024,5,2,InProgress
412,46,2024-06-01,Secondary,School 9,Enrolled,0.931,83.5,InProgress,Progress: InProgress,2024,6,2,InProgress
413,46,2024-07-01,Vocational,School 11,Enrolled,0.759,95.2,Completed,Progress: Completed,2024,7,3,Completed
414,46,2024-08-01,Secondary,School 12,Enrolled,0.825,96.3,InProgress,Progress: InProgress,2024,8,3,InProgress
415,47,2023-07-01,Primary,School 6,Enrolled,0.667,47.6,NotStarted,Progress: NotStarted,2023,7,3,NotStarted
416,47,2023-08-01,Secondary,School 13,Enrolled,0.593,73.9,InProgress,Progress: InProgress,2023,8,3,InProgress
417,47,2023-09-01,Secondary,School 2,Enrolled,0.715,81.6,InProgress,Progress: InProgress,2023,9,3,InProgress
418,47,2023-10-01,Primary,School 17,Enrolled,0.609,80.9,InProgress,Progress: InProgress,2023,10,4,InProgress
419,47,2023-11-01,CollegePrep,School 19,Enrolled,0.828,98.7,InProgress,Progress: InProgress,2023,11,4,InProgress
420,47,2023-12-01,Secondary,School 9,Enrolled,1.0,99.0,InProgress,Progress: InProgress,2023,12,4,InProgress
421,47,2024-01-01,Vocational,School 8,Enrolled,0.778,100.0,InProgress,Progress: InProgress,2024,1,1,InProgress
422,47,2024-02-01,Secondary,School 3,Enrolled,0.753,100.0,Completed,Progress: Completed,2024,2,1,Completed
423,47,2024-03-01,Vocational,School 13,Enrolled,0.691,100.0,Completed,Progress: Completed,2024,3,1,Completed
424,48,2024-08-01,Secondary,School 8,Enrolled,0.632,39.6,NotStarted,Progress: NotStarted,2024,8,3,NotStarted
425,48,2024-09-01,Secondary,School 9,Enrolled,0.742,54.4,InProgress,Progress: InProgress,2024,9,3,InProgress
426,48,2024-10-01,Primary,School 7,Enrolled,0.599,59.9,InProgress,Progress: InProgress,2024,10,4,InProgress
427,48,2024-11-01,Vocational,School 4,Enrolled,0.78,72.1,InProgress,Progress: InProgress,2024,11,4,InProgress
428,48,2024-12-01,Primary,School 10,Enrolled,0.905,74.9,InProgress,Progress: InProgress,2024,12,4,InProgress
429,48,2025-01-01,Primary,School 16,Enrolled,0.812,95.9,Completed,Progress: Completed,2025,1,1,Completed
430,48,2025-02-01,Secondary,School 5,Enrolled,0.847,96.5,Completed,Progress: Completed,2025,2,1,Completed
431,49,2024-05-01,CollegePrep,School 16,Enrolled,0.697,45.3,NotStarted,Progress: NotStarted,2024,5,2,NotStarted
432,49,2024-06-01,CollegePrep,School 10,Enrolled,0.581,45.1,InProgress,Progress: InProgress,2024,6,2,InProgress
433,49,2024-07-01,Secondary,School 4,Enrolled,0.689,60.3,InProgress,Progress: InProgress,2024,7,3,InProgress
434,49,2024-08-01,Secondary,School 7,Enrolled,0.867,97.4,InProgress,Progress: InProgress,2024,8,3,InProgress
435,49,2024-09-01,Secondary,School 17,Enrolled,0.821,100.0,InProgress,Progress: InProgress,2024,9,3,InProgress
436,49,2024-10-01,Secondary,School 18,Enrolled,0.852,100.0,InProgress,Progress: InProgress,2024,10,4,InProgress
437,49,2024-11-01,Secondary,School 1,Enrolled,0.725,100.0,InProgress,Progress: InProgress,2024,11,4,InProgress
438,50,2023-01-01,CollegePrep,School 2,Enrolled,0.468,33.9,NotStarted,Progress: NotStarted,2023,1,1,NotStarted
439,50,2023-02-01,Secondary,School 8,Enrolled,0.684,45.9,InProgress,Progress: InProgress,2023,2,1,InProgress
440,50,2023-03-01,Primary,School 2,Enrolled,0.718,53.8,InProgress,Progress: InProgress,2023,3,1,InProgress
441,50,2023-04-01,Secondary,School 20,Enrolled,0.629,74.8,InProgress,Progress: InProgress,2023,4,2,InProgress
442,50,2023-05-01,Primary,School 3,Enrolled,0.673,77.4,InProgress,Progress: InProgress,2023,5,2,InProgress
443,50,2023-06-01,Secondary,School 12,Enrolled,0.8,93.0,InProgress,Progress: InProgress,2023,6,2,InProgress
444,50,2023-07-01,Vocational,School 19,Enrolled,0.644,100.0,InProgress,Progress: InProgress,2023,7,3,InProgress
445,50,2023-08-01,Secondary,School 14,Enrolled,0.764,100.0,InProgress,Progress: InProgress,2023,8,3,InProgress
446,50,2023-09-01,Secondary,School 19,Enrolled,0.718,100.0,InProgress,Progress: InProgress,2023,9,3,InProgress
447,50,2023-10-01,Secondary,School 12,Enrolled,0.951,100.0,InProgress,Progress: InProgress,2023,10,4,InProgress
448,50,2023-11-01,Vocational,School 17,Enrolled,0.864,100.0,Completed,Progress: Completed,2023,11,4,Completed
449,50,2023-12-01,Primary,School 12,Enrolled,0.791,90.9,Completed,Progress: Completed,2023,12,4,Completed
450,51,2024-04-01,Secondary,School 1,Enrolled,0.58,48.7,NotStarted,Progress: NotStarted,2024,4,2,NotStarted
451,51,2024-05-01,Secondary,School 14,Enrolled,0.634,61.6,InProgress,Progress: InProgress,2024,5,2,InProgress
452,51,2024-06-01,Primary,School 16,Enrolled,0.713,71.8,InProgress,Progress: InProgress,2024,6,2,InProgress
453,51,2024-07-01,Primary,School 20,Enrolled,0.804,100.0,InProgress,Progress: InProgress,2024,7,3,InProgress
454,51,2024-08-01,CollegePrep,School 19,Enrolled,1.0,100.0,Completed,Progress: Completed,2024,8,3,Completed
455,51,2024-09-01,Secondary,School 1,Enrolled,0.869,100.0,Completed,Progress: Completed,2024,9,3,Completed
456,52,2024-02-01,Vocational,School 3,Enrolled,0.505,33.2,NotStarted,Progress: NotStarted,2024,2,1,NotStarted
457,52,2024-03-01,Primary,School 1,Enrolled,0.633,26.9,InProgress,Progress: InProgress,2024,3,1,InProgress
458,52,2024-04-01,CollegePrep,School 9,Enrolled,0.488,20.9,InProgress,Progress: InProgress,2024,4,2,InProgress
459,52,2024-05-01,Secondary,School 4,Enrolled,0.67,27.3,InProgress,Progress: InProgress,2024,5,2,InProgress
460,52,2024-06-01,Primary,School 17,Enrolled,0.612,35.3,InProgress,Progress: InProgress,2024,6,2,InProgress
461,52,2024-07-01,CollegePrep,School 5,Enrolled,0.711,42.9,InProgress,Progress: InProgress,2024,7,3,InProgress
462,52,2024-08-01,Secondary,School 7,Enrolled,0.531,36.4,InProgress,Progress: InProgress,2024,8,3,InProgress
463,53,2023-10-01,Secondary,School 5,Enrolled,0.92,54.8,NotStarted,Progress: NotStarted,2023,10,4,NotStarted
464,53,2023-11-01,CollegePrep,School 12,Enrolled,0.732,83.4,InProgress,Progress: InProgress,2023,11,4,InProgress
465,53,2023-12-01,Secondary,School 5,Enrolled,0.927,100.0,InProgress,Progress: InProgress,2023,12,4,InProgress
466,53,2024-01-01,Secondary,School 4,Enrolled,0.807,100.0,InProgress,Progress: InProgress,2024,1,1,InProgress
467,53,2024-02-01,Secondary,School 7,Enrolled,0.968,100.0,InProgress,Progress: InProgress,2024,2,1,InProgress
468,53,2024-03-01,Secondary,School 6,Enrolled,0.762,100.0,InProgress,Progress: InProgress,2024,3,1,InProgress
469,53,2024-04-01,Primary,School 4,Enrolled,0.872,100.0,InProgress,Progress: InProgress,2024,4,2,InProgress
470,53,2024-05-01,Secondary,School 18,Enrolled,0.903,100.0,InProgress,Progress: InProgress,2024,5,2,InProgress
471,53,2024-06-01,Secondary,School 15,Enrolled,0.964,100.0,InProgress,Progress: InProgress,2024,6,2,InProgress
472,53,2024-07-01,Vocational,School 12,Enrolled,0.825,100.0,InProgress,Progress: InProgress,2024,7,3,InProgress
473,53,2024-08-01,CollegePrep,School 5,Enrolled,0.645,100.0,InProgress,Progress: InProgress,2024,8,3,InProgress
474,53,2024-09-01,Vocational,School 18,Enrolled,0.913,100.0,InProgress,Progress: InProgress,2024,9,3,InProgress
475,54,2023-04-01,Secondary,School 1,Enrolled,0.558,51.3,NotStarted,Progress: NotStarted,2023,4,2,NotStarted
476,54,2023-05-01,Secondary,School 13,Enrolled,0.871,56.4,InProgress,Progress: InProgress,2023,5,2,InProgress
477,54,2023-06-01,Primary,School 20,Enrolled,0.636,55.1,InProgress,Progress: InProgress,2023,6,2,InProgress
478,54,2023-07-01,Secondary,School 11,Enrolled,0.77,67.0,InProgress,Progress: InProgress,2023,7,3,InProgress
479,54,2023-08-01,Primary,School 15,Enrolled,0.737,80.1,InProgress,Progress: InProgress,2023,8,3,InProgress
480,54,2023-09-01,Primary,School 3,Enrolled,0.62,81.7,InProgress,Progress: InProgress,2023,9,3,InProgress
481,54,2023-10-01,Primary,School 12,Enrolled,0.804,79.7,InProgress,Progress: InProgress,2023,10,4,InProgress
482,54,2023-11-01,CollegePrep,School 19,Enrolled,0.768,85.0,InProgress,Progress: InProgress,2023,11,4,InProgress
483,54,2023-12-01,Secondary,School 9,Enrolled,0.562,82.4,InProgress,Progress: InProgress,2023,12,4,InProgress
484,54,2024-01-01,Primary,School 8,Enrolled,0.816,91.4,InProgress,Progress: InProgress,2024,1,1,InProgress
485,54,2024-02-01,Secondary,School 7,Enrolled,0.654,80.3,InProgress,Progress: InProgress,2024,2,1,InProgress
486,54,2024-03-01,Vocational,School 13,Enrolled,0.729,78.1,InProgress,Progress: InProgress,2024,3,1,InProgress
487,55,2025-04-01,Vocational,School 7,Enrolled,0.585,39.0,NotStarted,Progress: NotStarted,2025,4,2,NotStarted
488,55,2025-05-01,Vocational,School 9,Enrolled,0.665,61.6,InProgress,Progress: InProgress,2025,5,2,InProgress
489,55,2025-06-01,Primary,School 9,Enrolled,0.677,65.7,InProgress,Progress: InProgress,2025,6,2,InProgress
490,55,2025-07-01,Primary,School 10,Enrolled,0.65,59.7,InProgress,Progress: InProgress,2025,7,3,InProgress
491,55,2025-08-01,Primary,School 9,Enrolled,0.72,68.1,InProgress,Progress: InProgress,2025,8,3,InProgress
492,55,2025-09-01,CollegePrep,School 9,Enrolled,0.745,74.5,InProgress,Progress: InProgress,2025,9,3,InProgress
493,55,2025-10-01,Vocational,School 13,Enrolled,0.761,98.3,Completed,Progress: Completed,2025,10,4,Completed
494,56,2024-10-01,Secondary,School 17,Enrolled,0.632,54.6,NotStarted,Progress: NotStarted,2024,10,4,NotStarted
495,56,2024-11-01,Primary,School 13,Enrolled,0.657,61.2,InProgress,Progress: InProgress,2024,11,4,InProgress
496,56,2024-12-01,Secondary,School 6,Enrolled,0.765,83.2,InProgress,Progress: InProgress,2024,12,4,InProgress
497,56,2025-01-01,CollegePrep,School 1,Enrolled,0.855,82.8,InProgress,Progress: InProgress,2025,1,1,InProgress
498,56,2025-02-01,Primary,School 11,Enrolled,1.0,100.0,InProgress,Progress: InProgress,2025,2,1,InProgress
499,56,2025-03-01,Vocational,School 1,Enrolled,0.674,100.0,InProgress,Progress: InProgress,2025,3,1,InProgress
500,56,2025-04-01,Secondary,School 2,Enrolled,0.779,100.0,InProgress,Progress: InProgress,2025,4,2,InProgress
501,56,2025-05-01,Vocational,School 4,Enrolled,0.634,100.0,InProgress,Progress: InProgress,2025,5,2,InProgress
502,56,2025-06-01,Secondary,School 10,Enrolled,0.857,100.0,InProgress,Progress: InProgress,2025,6,2,InProgress
503,56,2025-07-01,Vocational,School 18,Enrolled,0.743,100.0,InProgress,Progress: InProgress,2025,7,3,InProgress
504,57,2023-04-01,CollegePrep,School 14,Enrolled,0.615,41.9,NotStarted,Progress: NotStarted,2023,4,2,NotStarted
505,57,2023-05-01,Secondary,School 8,Enrolled,0.835,74.1,InProgress,Progress: InProgress,2023,5,2,InProgress
506,57,2023-06-01,Primary,School 11,Enrolled,0.814,95.6,InProgress,Progress: InProgress,2023,6,2,InProgress
507,57,2023-07-01,Vocational,School 10,Enrolled,0.912,100.0,InProgress,Progress: InProgress,2023,7,3,InProgress
508,57,2023-08-01,Secondary,School 7,Enrolled,0.708,100.0,InProgress,Progress: InProgress,2023,8,3,InProgress
509,57,2023-09-01,Secondary,School 18,Enrolled,0.753,100.0,Completed,Progress: Completed,2023,9,3,Completed
510,57,2023-10-01,Vocational,School 11,Enrolled,0.94,100.0,InProgress,Progress: InProgress,2023,10,4,InProgress
511,58,2025-03-01,Vocational,School 10,Enrolled,0.783,52.9,NotStarted,Progress: NotStarted,2025,3,1,NotStarted
512,58,2025-04-01,Primary,School 2,Enrolled,0.561,65.3,InProgress,Progress: InProgress,2025,4,2,InProgress
513,58,2025-05-01,Primary,School 8,Enrolled,0.829,86.0,InProgress,Progress: InProgress,2025,5,2,InProgress
514,58,2025-06-01,CollegePrep,School 2,Enrolled,0.775,79.6,InProgress,Progress: InProgress,2025,6,2,InProgress
515,58,2025-07-01,Secondary,School 20,Enrolled,0.636,81.9,InProgress,Progress: InProgress,2025,7,3,InProgress
516,58,2025-08-01,Secondary,School 10,Enrolled,0.703,86.5,InProgress,Progress: InProgress,2025,8,3,InProgress
517,58,2025-09-01,Secondary,School 19,Enrolled,0.668,96.7,InProgress,Progress: InProgress,2025,9,3,InProgress
518,58,2025-10-01,Secondary,School 1,Enrolled,0.677,100.0,Completed,Progress: Completed,2025,10,4,Completed
519,58,2025-11-01,Secondary,School 15,Enrolled,0.717,100.0,Completed,Progress: Completed,2025,11,4,Completed
520,59,2023-06-01,Primary,School 3,Enrolled,0.646,54.1,NotStarted,Progress: NotStarted,2023,6,2,NotStarted
521,59,2023-07-01,Vocational,School 16,Enrolled,0.572,64.6,InProgress,Progress: InProgress,2023,7,3,InProgress
522,59,2023-08-01,CollegePrep,School 17,Enrolled,0.797,76.7,InProgress,Progress: InProgress,2023,8,3,InProgress
523,59,2023-09-01,CollegePrep,School 11,Enrolled,0.876,100.0,InProgress,Progress: InProgress,2023,9,3,InProgress
524,59,2023-10-01,Primary,School 17,Enrolled,0.853,100.0,InProgress,Progress: InProgress,2023,10,4,InProgress
525,59,2023-11-01,Primary,School 4,Enrolled,0.777,100.0,InProgress,Progress: InProgress,2023,11,4,InProgress
526,59,2023-12-01,Primary,School 9,Enrolled,0.753,100.0,InProgress,Progress: InProgress,2023,12,4,InProgress
527,59,2024-01-01,Secondary,School 1,Enrolled,0.77,100.0,InProgress,Progress: InProgress,2024,1,1,InProgress
528,59,2024-02-01,CollegePrep,School 19,Enrolled,0.677,100.0,InProgress,Progress: InProgress,2024,2,1,InProgress
529,60,2024-01-01,CollegePrep,School 14,Enrolled,0.643,36.9,NotStarted,Progress: NotStarted,2024,1,1,NotStarted
530,60,2024-02-01,Primary,School 20,Enrolled,0.497,57.9,InProgress,Progress: InProgress,2024,2,1,InProgress
531,60,2024-03-01,Vocational,School 18,Enrolled,1.0,67.3,InProgress,Progress: InProgress,2024,3,1,InProgress
532,60,2024-04-01,Primary,School 8,Enrolled,0.582,80.2,InProgress,Progress: InProgress,2024,4,2,InProgress
533,60,2024-05-01,Primary,School 4,Enrolled,0.71,96.6,InProgress,Progress: InProgress,2024,5,2,InProgress
534,60,2024-06-01,Secondary,School 8,Enrolled,0.71,100.0,Completed,Progress: Completed,2024,6,2,Completed
